[
{
    "model": "auth.permission",
    "pk": 1,
    "fields": {
        "name": "Can add log entry",
        "content_type": 1,
        "codename": "add_logentry"
    }
},
{
    "model": "auth.permission",
    "pk": 2,
    "fields": {
        "name": "Can change log entry",
        "content_type": 1,
        "codename": "change_logentry"
    }
},
{
    "model": "auth.permission",
    "pk": 3,
    "fields": {
        "name": "Can delete log entry",
        "content_type": 1,
        "codename": "delete_logentry"
    }
},
{
    "model": "auth.permission",
    "pk": 4,
    "fields": {
        "name": "Can view log entry",
        "content_type": 1,
        "codename": "view_logentry"
    }
},
{
    "model": "auth.permission",
    "pk": 5,
    "fields": {
        "name": "Can add permission",
        "content_type": 2,
        "codename": "add_permission"
    }
},
{
    "model": "auth.permission",
    "pk": 6,
    "fields": {
        "name": "Can change permission",
        "content_type": 2,
        "codename": "change_permission"
    }
},
{
    "model": "auth.permission",
    "pk": 7,
    "fields": {
        "name": "Can delete permission",
        "content_type": 2,
        "codename": "delete_permission"
    }
},
{
    "model": "auth.permission",
    "pk": 8,
    "fields": {
        "name": "Can view permission",
        "content_type": 2,
        "codename": "view_permission"
    }
},
{
    "model": "auth.permission",
    "pk": 9,
    "fields": {
        "name": "Can add group",
        "content_type": 3,
        "codename": "add_group"
    }
},
{
    "model": "auth.permission",
    "pk": 10,
    "fields": {
        "name": "Can change group",
        "content_type": 3,
        "codename": "change_group"
    }
},
{
    "model": "auth.permission",
    "pk": 11,
    "fields": {
        "name": "Can delete group",
        "content_type": 3,
        "codename": "delete_group"
    }
},
{
    "model": "auth.permission",
    "pk": 12,
    "fields": {
        "name": "Can view group",
        "content_type": 3,
        "codename": "view_group"
    }
},
{
    "model": "auth.permission",
    "pk": 13,
    "fields": {
        "name": "Can add content type",
        "content_type": 4,
        "codename": "add_contenttype"
    }
},
{
    "model": "auth.permission",
    "pk": 14,
    "fields": {
        "name": "Can change content type",
        "content_type": 4,
        "codename": "change_contenttype"
    }
},
{
    "model": "auth.permission",
    "pk": 15,
    "fields": {
        "name": "Can delete content type",
        "content_type": 4,
        "codename": "delete_contenttype"
    }
},
{
    "model": "auth.permission",
    "pk": 16,
    "fields": {
        "name": "Can view content type",
        "content_type": 4,
        "codename": "view_contenttype"
    }
},
{
    "model": "auth.permission",
    "pk": 17,
    "fields": {
        "name": "Can add session",
        "content_type": 5,
        "codename": "add_session"
    }
},
{
    "model": "auth.permission",
    "pk": 18,
    "fields": {
        "name": "Can change session",
        "content_type": 5,
        "codename": "change_session"
    }
},
{
    "model": "auth.permission",
    "pk": 19,
    "fields": {
        "name": "Can delete session",
        "content_type": 5,
        "codename": "delete_session"
    }
},
{
    "model": "auth.permission",
    "pk": 20,
    "fields": {
        "name": "Can view session",
        "content_type": 5,
        "codename": "view_session"
    }
},
{
    "model": "auth.permission",
    "pk": 21,
    "fields": {
        "name": "Can add airplane type",
        "content_type": 6,
        "codename": "add_airplanetype"
    }
},
{
    "model": "auth.permission",
    "pk": 22,
    "fields": {
        "name": "Can change airplane type",
        "content_type": 6,
        "codename": "change_airplanetype"
    }
},
{
    "model": "auth.permission",
    "pk": 23,
    "fields": {
        "name": "Can delete airplane type",
        "content_type": 6,
        "codename": "delete_airplanetype"
    }
},
{
    "model": "auth.permission",
    "pk": 24,
    "fields": {
        "name": "Can view airplane type",
        "content_type": 6,
        "codename": "view_airplanetype"
    }
},
{
    "model": "auth.permission",
    "pk": 25,
    "fields": {
        "name": "Can add airport",
        "content_type": 7,
        "codename": "add_airport"
    }
},
{
    "model": "auth.permission",
    "pk": 26,
    "fields": {
        "name": "Can change airport",
        "content_type": 7,
        "codename": "change_airport"
    }
},
{
    "model": "auth.permission",
    "pk": 27,
    "fields": {
        "name": "Can delete airport",
        "content_type": 7,
        "codename": "delete_airport"
    }
},
{
    "model": "auth.permission",
    "pk": 28,
    "fields": {
        "name": "Can view airport",
        "content_type": 7,
        "codename": "view_airport"
    }
},
{
    "model": "auth.permission",
    "pk": 29,
    "fields": {
        "name": "Can add crew",
        "content_type": 8,
        "codename": "add_crew"
    }
},
{
    "model": "auth.permission",
    "pk": 30,
    "fields": {
        "name": "Can change crew",
        "content_type": 8,
        "codename": "change_crew"
    }
},
{
    "model": "auth.permission",
    "pk": 31,
    "fields": {
        "name": "Can delete crew",
        "content_type": 8,
        "codename": "delete_crew"
    }
},
{
    "model": "auth.permission",
    "pk": 32,
    "fields": {
        "name": "Can view crew",
        "content_type": 8,
        "codename": "view_crew"
    }
},
{
    "model": "auth.permission",
    "pk": 33,
    "fields": {
        "name": "Can add route",
        "content_type": 9,
        "codename": "add_route"
    }
},
{
    "model": "auth.permission",
    "pk": 34,
    "fields": {
        "name": "Can change route",
        "content_type": 9,
        "codename": "change_route"
    }
},
{
    "model": "auth.permission",
    "pk": 35,
    "fields": {
        "name": "Can delete route",
        "content_type": 9,
        "codename": "delete_route"
    }
},
{
    "model": "auth.permission",
    "pk": 36,
    "fields": {
        "name": "Can view route",
        "content_type": 9,
        "codename": "view_route"
    }
},
{
    "model": "auth.permission",
    "pk": 37,
    "fields": {
        "name": "Can add flight",
        "content_type": 10,
        "codename": "add_flight"
    }
},
{
    "model": "auth.permission",
    "pk": 38,
    "fields": {
        "name": "Can change flight",
        "content_type": 10,
        "codename": "change_flight"
    }
},
{
    "model": "auth.permission",
    "pk": 39,
    "fields": {
        "name": "Can delete flight",
        "content_type": 10,
        "codename": "delete_flight"
    }
},
{
    "model": "auth.permission",
    "pk": 40,
    "fields": {
        "name": "Can view flight",
        "content_type": 10,
        "codename": "view_flight"
    }
},
{
    "model": "auth.permission",
    "pk": 41,
    "fields": {
        "name": "Can add airplane",
        "content_type": 11,
        "codename": "add_airplane"
    }
},
{
    "model": "auth.permission",
    "pk": 42,
    "fields": {
        "name": "Can change airplane",
        "content_type": 11,
        "codename": "change_airplane"
    }
},
{
    "model": "auth.permission",
    "pk": 43,
    "fields": {
        "name": "Can delete airplane",
        "content_type": 11,
        "codename": "delete_airplane"
    }
},
{
    "model": "auth.permission",
    "pk": 44,
    "fields": {
        "name": "Can view airplane",
        "content_type": 11,
        "codename": "view_airplane"
    }
},
{
    "model": "auth.permission",
    "pk": 45,
    "fields": {
        "name": "Can add user",
        "content_type": 12,
        "codename": "add_user"
    }
},
{
    "model": "auth.permission",
    "pk": 46,
    "fields": {
        "name": "Can change user",
        "content_type": 12,
        "codename": "change_user"
    }
},
{
    "model": "auth.permission",
    "pk": 47,
    "fields": {
        "name": "Can delete user",
        "content_type": 12,
        "codename": "delete_user"
    }
},
{
    "model": "auth.permission",
    "pk": 48,
    "fields": {
        "name": "Can view user",
        "content_type": 12,
        "codename": "view_user"
    }
},
{
    "model": "auth.permission",
    "pk": 49,
    "fields": {
        "name": "Can add order",
        "content_type": 13,
        "codename": "add_order"
    }
},
{
    "model": "auth.permission",
    "pk": 50,
    "fields": {
        "name": "Can change order",
        "content_type": 13,
        "codename": "change_order"
    }
},
{
    "model": "auth.permission",
    "pk": 51,
    "fields": {
        "name": "Can delete order",
        "content_type": 13,
        "codename": "delete_order"
    }
},
{
    "model": "auth.permission",
    "pk": 52,
    "fields": {
        "name": "Can view order",
        "content_type": 13,
        "codename": "view_order"
    }
},
{
    "model": "auth.permission",
    "pk": 53,
    "fields": {
        "name": "Can add ticket",
        "content_type": 14,
        "codename": "add_ticket"
    }
},
{
    "model": "auth.permission",
    "pk": 54,
    "fields": {
        "name": "Can change ticket",
        "content_type": 14,
        "codename": "change_ticket"
    }
},
{
    "model": "auth.permission",
    "pk": 55,
    "fields": {
        "name": "Can delete ticket",
        "content_type": 14,
        "codename": "delete_ticket"
    }
},
{
    "model": "auth.permission",
    "pk": 56,
    "fields": {
        "name": "Can view ticket",
        "content_type": 14,
        "codename": "view_ticket"
    }
},
{
    "model": "contenttypes.contenttype",
    "pk": 1,
    "fields": {
        "app_label": "admin",
        "model": "logentry"
    }
},
{
    "model": "contenttypes.contenttype",
    "pk": 2,
    "fields": {
        "app_label": "auth",
        "model": "permission"
    }
},
{
    "model": "contenttypes.contenttype",
    "pk": 3,
    "fields": {
        "app_label": "auth",
        "model": "group"
    }
},
{
    "model": "contenttypes.contenttype",
    "pk": 4,
    "fields": {
        "app_label": "contenttypes",
        "model": "contenttype"
    }
},
{
    "model": "contenttypes.contenttype",
    "pk": 5,
    "fields": {
        "app_label": "sessions",
        "model": "session"
    }
},
{
    "model": "contenttypes.contenttype",
    "pk": 6,
    "fields": {
        "app_label": "airport",
        "model": "airplanetype"
    }
},
{
    "model": "contenttypes.contenttype",
    "pk": 7,
    "fields": {
        "app_label": "airport",
        "model": "airport"
    }
},
{
    "model": "contenttypes.contenttype",
    "pk": 8,
    "fields": {
        "app_label": "airport",
        "model": "crew"
    }
},
{
    "model": "contenttypes.contenttype",
    "pk": 9,
    "fields": {
        "app_label": "airport",
        "model": "route"
    }
},
{
    "model": "contenttypes.contenttype",
    "pk": 10,
    "fields": {
        "app_label": "airport",
        "model": "flight"
    }
},
{
    "model": "contenttypes.contenttype",
    "pk": 11,
    "fields": {
        "app_label": "airport",
        "model": "airplane"
    }
},
{
    "model": "contenttypes.contenttype",
    "pk": 12,
    "fields": {
        "app_label": "account",
        "model": "user"
    }
},
{
    "model": "contenttypes.contenttype",
    "pk": 13,
    "fields": {
        "app_label": "cart",
        "model": "order"
    }
},
{
    "model": "contenttypes.contenttype",
    "pk": 14,
    "fields": {
        "app_label": "cart",
        "model": "ticket"
    }
},
{
    "model": "airport.airplanetype",
    "pk": 1,
    "fields": {
        "name": "Airbus A380"
    }
},
{
    "model": "airport.airplanetype",
    "pk": 2,
    "fields": {
        "name": "Boeing 747-8"
    }
},
{
    "model": "airport.airplanetype",
    "pk": 3,
    "fields": {
        "name": "Boeing 747"
    }
},
{
    "model": "airport.airplanetype",
    "pk": 4,
    "fields": {
        "name": "Airbus A340"
    }
},
{
    "model": "airport.airplanetype",
    "pk": 5,
    "fields": {
        "name": "Boeing 777"
    }
},
{
    "model": "airport.airplanetype",
    "pk": 6,
    "fields": {
        "name": "Concorde"
    }
},
{
    "model": "airport.airplanetype",
    "pk": 7,
    "fields": {
        "name": "Boeing 747-400"
    }
},
{
    "model": "airport.airplanetype",
    "pk": 8,
    "fields": {
        "name": "SR22"
    }
},
{
    "model": "airport.airplanetype",
    "pk": 9,
    "fields": {
        "name": "Cessna 172"
    }
},
{
    "model": "airport.airplanetype",
    "pk": 10,
    "fields": {
        "name": "Airbus A330"
    }
},
{
    "model": "airport.airplanetype",
    "pk": 11,
    "fields": {
        "name": "Amphibious aircraft"
    }
},
{
    "model": "airport.airplane",
    "pk": 1,
    "fields": {
        "name": "Supermarine Spitfire",
        "rows": 10,
        "seats_in_row": 5,
        "airplane_type": 10
    }
},
{
    "model": "airport.airplane",
    "pk": 2,
    "fields": {
        "name": "Blériot XI",
        "rows": 4,
        "seats_in_row": 3,
        "airplane_type": 10
    }
},
{
    "model": "airport.airplane",
    "pk": 3,
    "fields": {
        "name": "Lockheed SR-71 Blackbird",
        "rows": 7,
        "seats_in_row": 4,
        "airplane_type": 1
    }
},
{
    "model": "airport.airplane",
    "pk": 4,
    "fields": {
        "name": "Cirrus SR22",
        "rows": 7,
        "seats_in_row": 4,
        "airplane_type": 6
    }
},
{
    "model": "airport.airplane",
    "pk": 5,
    "fields": {
        "name": "Learjet 23",
        "rows": 7,
        "seats_in_row": 4,
        "airplane_type": 7
    }
},
{
    "model": "airport.airplane",
    "pk": 6,
    "fields": {
        "name": "Lockheed C-130",
        "rows": 7,
        "seats_in_row": 4,
        "airplane_type": 11
    }
},
{
    "model": "airport.airport",
    "pk": 1,
    "fields": {
        "name": "Fort Worth International",
        "closest_big_city": "Dallas"
    }
},
{
    "model": "airport.airport",
    "pk": 2,
    "fields": {
        "name": "Sydney Kingsford Smith",
        "closest_big_city": "Sydney"
    }
},
{
    "model": "airport.airport",
    "pk": 3,
    "fields": {
        "name": "Narita International",
        "closest_big_city": "Tokyo"
    }
},
{
    "model": "airport.airport",
    "pk": 4,
    "fields": {
        "name": "Frankfurt am Main Airport",
        "closest_big_city": "Frankfurt"
    }
},
{
    "model": "airport.airport",
    "pk": 5,
    "fields": {
        "name": "Denver International Airport",
        "closest_big_city": "Denver"
    }
},
{
    "model": "airport.airport",
    "pk": 6,
    "fields": {
        "name": "Dubai International Airport",
        "closest_big_city": "Dubai"
    }
},
{
    "model": "airport.airport",
    "pk": 7,
    "fields": {
        "name": "Toronto Pearson International",
        "closest_big_city": "Toronto"
    }
},
{
    "model": "airport.airport",
    "pk": 8,
    "fields": {
        "name": "Incheon International",
        "closest_big_city": "Seoul"
    }
},
{
    "model": "airport.airport",
    "pk": 9,
    "fields": {
        "name": "Heathrow Airport",
        "closest_big_city": "London"
    }
},
{
    "model": "airport.route",
    "pk": 1,
    "fields": {
        "source": 5,
        "destination": 6,
        "distance": 10000
    }
},
{
    "model": "airport.route",
    "pk": 2,
    "fields": {
        "source": 6,
        "destination": 5,
        "distance": 10000
    }
},
{
    "model": "airport.route",
    "pk": 3,
    "fields": {
        "source": 9,
        "destination": 5,
        "distance": 10000
    }
},
{
    "model": "airport.route",
    "pk": 4,
    "fields": {
        "source": 9,
        "destination": 5,
        "distance": 10000
    }
},
{
    "model": "airport.route",
    "pk": 5,
    "fields": {
        "source": 6,
        "destination": 3,
        "distance": 10000
    }
},
{
    "model": "airport.route",
    "pk": 6,
    "fields": {
        "source": 7,
        "destination": 6,
        "distance": 10000
    }
},
{
    "model": "airport.route",
    "pk": 7,
    "fields": {
        "source": 9,
        "destination": 5,
        "distance": 10000
    }
},
{
    "model": "airport.route",
    "pk": 8,
    "fields": {
        "source": 2,
        "destination": 7,
        "distance": 10000
    }
},
{
    "model": "airport.route",
    "pk": 9,
    "fields": {
        "source": 5,
        "destination": 7,
        "distance": 10000
    }
},
{
    "model": "airport.route",
    "pk": 10,
    "fields": {
        "source": 5,
        "destination": 1,
        "distance": 10000
    }
},
{
    "model": "airport.route",
    "pk": 11,
    "fields": {
        "source": 3,
        "destination": 1,
        "distance": 10000
    }
},
{
    "model": "airport.crew",
    "pk": 1,
    "fields": {
        "first_name": "Maya",
        "last_name": "Sullivan"
    }
},
{
    "model": "airport.crew",
    "pk": 2,
    "fields": {
        "first_name": "Liam",
        "last_name": "Anderson"
    }
},
{
    "model": "airport.crew",
    "pk": 3,
    "fields": {
        "first_name": "Ava",
        "last_name": "Martinez"
    }
},
{
    "model": "airport.crew",
    "pk": 4,
    "fields": {
        "first_name": "Ethan",
        "last_name": "Johnson"
    }
},
{
    "model": "airport.crew",
    "pk": 5,
    "fields": {
        "first_name": "Sophia",
        "last_name": "Thompson"
    }
},
{
    "model": "airport.crew",
    "pk": 6,
    "fields": {
        "first_name": "Jackson",
        "last_name": "Ramirez"
    }
},
{
    "model": "airport.crew",
    "pk": 7,
    "fields": {
        "first_name": "Olivia",
        "last_name": "Parker"
    }
},
{
    "model": "airport.crew",
    "pk": 8,
    "fields": {
        "first_name": "Aiden",
        "last_name": "Murphy"
    }
},
{
    "model": "airport.crew",
    "pk": 9,
    "fields": {
        "first_name": "Mia",
        "last_name": "Collins"
    }
},
{
    "model": "airport.crew",
    "pk": 10,
    "fields": {
        "first_name": "Lucas",
        "last_name": "Morgan"
    }
},
{
    "model": "airport.crew",
    "pk": 11,
    "fields": {
        "first_name": "Maya",
        "last_name": "Sand"
    }
},
{
    "model": "airport.flight",
    "pk": 1,
    "fields": {
        "route": 1,
        "airplane": 4,
        "departure_time": "2023-08-10T20:52:00Z",
        "arrival_time": "2023-08-11T20:52:00Z",
        "crews": [
            6,
            10,
            1
        ]
    }
},
{
    "model": "airport.flight",
    "pk": 2,
    "fields": {
        "route": 5,
        "airplane": 6,
        "departure_time": "2023-08-10T20:52:00Z",
        "arrival_time": "2023-08-11T20:52:00Z",
        "crews": [
            4,
            10,
            11
        ]
    }
},
{
    "model": "airport.flight",
    "pk": 3,
    "fields": {
        "route": 8,
        "airplane": 6,
        "departure_time": "2023-08-10T20:52:00Z",
        "arrival_time": "2023-08-11T20:52:00Z",
        "crews": [
            10,
            11,
            9,
            7
        ]
    }
},
{
    "model": "airport.flight",
    "pk": 4,
    "fields": {
        "route": 1,
        "airplane": 1,
        "departure_time": "2023-08-10T20:52:00Z",
        "arrival_time": "2023-08-11T20:52:00Z",
        "crews": [
            10,
            11,
            9,
            7
        ]
    }
},
{
    "model": "airport.flight",
    "pk": 5,
    "fields": {
        "route": 8,
        "airplane": 1,
        "departure_time": "2023-08-10T20:52:00Z",
        "arrival_time": "2023-08-11T20:52:00Z",
        "crews": [
            11,
            9,
            7,
            5
        ]
    }
},
{
    "model": "airport.flight",
    "pk": 6,
    "fields": {
        "route": 3,
        "airplane": 2,
        "departure_time": "2023-08-11T20:52:00Z",
        "arrival_time": "2023-08-13T20:52:00Z",
        "crews": [
            8,
            6,
            11
        ]
    }
},
{
    "model": "account.user",
    "pk": 1,
    "fields": {
        "password": "pbkdf2_sha256$600000$2lD0ys3TzttGTIP2etNrmq$FeOkuWerPgrunHG++PiNCblUzZICOIq7FabktLuD5AU=",
        "last_login": null,
        "is_superuser": false,
        "first_name": "",
        "last_name": "",
        "is_staff": false,
        "is_active": true,
        "date_joined": "2023-08-10T17:38:24.083Z",
        "email": "user1@gmail.com",
        "groups": [],
        "user_permissions": []
    }
},
{
    "model": "account.user",
    "pk": 2,
    "fields": {
        "password": "pbkdf2_sha256$600000$IOgXCpitfbRL7JrcTjIzuG$cooN71kjqQj+XEai2pNwbLuSf3mfUADvkrzbds94pX0=",
        "last_login": null,
        "is_superuser": false,
        "first_name": "",
        "last_name": "",
        "is_staff": false,
        "is_active": true,
        "date_joined": "2023-08-10T17:39:24.216Z",
        "email": "user2@gmail.com",
        "groups": [],
        "user_permissions": []
    }
},
{
    "model": "account.user",
    "pk": 3,
    "fields": {
        "password": "pbkdf2_sha256$600000$KsE5D47u4ebsPuiX9fOW4X$gtTqZy1VPbI8zCw0jFzzyU99dB1sKwxLroBlkXSkxpc=",
        "last_login": null,
        "is_superuser": true,
        "first_name": "",
        "last_name": "",
        "is_staff": true,
        "is_active": true,
        "date_joined": "2023-08-10T17:40:16.046Z",
        "email": "admin@gmail.com",
        "groups": [],
        "user_permissions": []
    }
}
]
